jwasham/coding-interview-university,2016-06-06T02:34:12Z,2020-03-06T00:03:54Z,165,0,78,104
kamranahmedse/developer-roadmap,2017-03-15T13:45:52Z,2020-03-05T23:48:27Z,26,3,390,399
github/gitignore,2010-11-08T20:17:14Z,2020-03-06T00:03:29Z,1375,0,0,0
airbnb/javascript,2012-11-01T23:13:50Z,2020-03-05T23:43:30Z,721,0,880,959
CyC2018/CS-Notes,2018-02-13T14:56:24Z,2020-03-05T20:40:00Z,355,0,360,378
microsoft/vscode,2015-09-03T20:23:38Z,2020-03-05T23:51:05Z,4824,3,79563,84140
d3/d3,2010-09-27T17:22:42Z,2020-03-05T23:48:09Z,433,153,2027,2030
flutter/flutter,2015-03-06T22:54:58Z,2020-03-06T00:08:53Z,13719,0,25793,33157
torvalds/linux,2011-09-04T22:48:12Z,2020-03-06T00:10:13Z,9,0,0,0
facebook/react-native,2015-01-09T18:10:16Z,2020-03-05T23:59:00Z,610,138,18208,18870
donnemartin/system-design-primer,2017-02-26T16:15:28Z,2020-03-05T23:55:37Z,151,0,30,110
electron/electron,2013-04-12T01:47:36Z,2020-03-05T23:13:01Z,8505,528,11388,12504
vinta/awesome-python,2014-06-27T21:00:06Z,2020-03-05T23:59:29Z,453,0,160,162
jackfrued/Python-100-Days,2018-03-01T16:05:52Z,2020-03-05T19:22:03Z,12,0,55,291
facebook/create-react-app,2016-07-17T14:55:11Z,2020-03-05T23:59:55Z,1709,73,5083,5508
public-apis/public-apis,2016-03-20T23:49:42Z,2020-03-05T23:25:37Z,771,0,119,122
Snailclimb/JavaGuide,2018-05-07T13:27:00Z,2020-03-05T23:28:26Z,247,0,280,306
axios/axios,2014-08-18T22:30:27Z,2020-03-05T23:07:28Z,302,22,1898,2157
golang/go,2014-08-19T04:33:40Z,2020-03-05T21:53:04Z,0,0,31092,36517
jlevy/the-art-of-command-line,2015-05-20T15:11:03Z,2020-03-05T23:12:20Z,301,0,78,157
nodejs/node,2014-11-26T19:57:11Z,2020-03-06T00:10:44Z,2234,149,10269,11216
TheAlgorithms/Python,2016-07-16T09:44:01Z,2020-03-05T23:32:35Z,859,0,216,230
daneden/animate.css,2011-10-12T10:07:38Z,2020-03-05T23:33:53Z,136,19,672,692
justjavac/free-programming-books-zh_CN,2013-11-04T01:59:19Z,2020-03-05T23:44:23Z,268,3,208,343
kubernetes/kubernetes,2014-06-06T22:56:04Z,2020-03-05T22:49:58Z,41867,374,31790,33888
trekhleb/javascript-algorithms,2018-03-24T07:47:04Z,2020-03-05T23:58:25Z,142,0,74,123
ytdl-org/youtube-dl,2010-10-31T14:35:07Z,2020-03-05T22:01:44Z,1403,289,16792,19426
FortAwesome/Font-Awesome,2012-02-17T14:19:43Z,2020-03-06T00:14:34Z,175,35,10457,15611
tensorflow/models,2016-02-05T01:15:20Z,2020-03-06T00:10:22Z,1879,10,4040,5115
danistefanovic/build-your-own-x,2018-05-09T12:03:18Z,2020-03-06T00:08:48Z,74,0,256,299
angular/angular.js,2010-01-06T00:34:37Z,2020-03-05T17:07:30Z,770,0,8590,8980
puppeteer/puppeteer,2017-05-09T22:16:13Z,2020-03-05T23:50:10Z,1380,36,2870,3717
mrdoob/three.js,2010-03-23T18:58:01Z,2020-03-05T23:06:54Z,6782,106,9039,9517
angular/angular,2014-09-18T16:12:01Z,2020-03-05T23:57:47Z,2911,0,17334,20201
microsoft/TypeScript,2014-06-17T15:28:39Z,2020-03-05T23:56:20Z,9021,98,21245,25392
microsoft/terminal,2017-08-11T18:38:22Z,2020-03-06T00:05:08Z,816,18,2977,3822
laravel/laravel,2011-06-08T03:06:08Z,2020-03-05T23:40:54Z,1215,33,0,0
ant-design/ant-design,2015-04-24T15:37:24Z,2020-03-05T23:45:19Z,4708,322,15456,15896
moby/moby,2013-01-18T18:10:57Z,2020-03-05T22:37:56Z,16117,80,16405,20015
ossu/computer-science,2014-05-04T00:18:39Z,2020-03-05T23:50:52Z,146,0,418,421
iluwatar/java-design-patterns,2014-08-09T16:45:18Z,2020-03-06T00:00:32Z,433,0,368,527
mui-org/material-ui,2014-08-18T19:11:54Z,2020-03-05T23:33:47Z,7433,250,10280,10633
30-seconds/30-seconds-of-code,2017-11-29T17:35:03Z,2020-03-05T23:51:14Z,637,4,218,223
webpack/webpack,2012-03-10T10:08:14Z,2020-03-05T22:02:47Z,2713,214,6564,6933
jquery/jquery,2009-04-03T15:20:14Z,2020-03-05T22:16:03Z,444,0,1897,1967
vuejs/awesome-vue,2015-10-20T00:16:14Z,2020-03-06T00:06:50Z,2527,0,74,162
avelino/awesome-go,2014-07-06T13:42:15Z,2020-03-05T23:21:34Z,2024,0,203,213
nvbn/thefuck,2015-04-08T15:08:04Z,2020-03-05T23:30:52Z,407,14,341,522
reduxjs/redux,2015-05-29T23:53:15Z,2020-03-05T22:35:09Z,1261,61,1718,1747
atom/atom,2012-01-20T18:18:21Z,2020-03-06T00:13:42Z,3552,506,14984,15470
apple/swift,2015-10-23T21:15:07Z,2020-03-06T00:13:56Z,26436,19,0,0
hakimel/reveal.js,2011-06-07T18:54:22Z,2020-03-05T23:15:15Z,325,28,1299,1759
MisterBooo/LeetCodeAnimation,2018-12-06T08:01:22Z,2020-03-05T23:12:16Z,4,0,26,27
PanJiaChen/vue-element-admin,2017-04-17T03:35:49Z,2020-03-05T23:18:41Z,284,45,2009,2581
pallets/flask,2010-04-06T11:11:59Z,2020-03-05T23:39:20Z,1004,9,1857,1879
socketio/socket.io,2010-03-11T18:24:48Z,2020-03-06T00:14:07Z,376,18,2352,2807
shadowsocks/shadowsocks-windows,2013-01-14T07:54:16Z,2020-03-05T23:16:01Z,197,44,2396,2444
django/django,2012-04-28T02:47:18Z,2020-03-05T23:39:17Z,5263,0,0,0
expressjs/express,2009-06-26T18:56:01Z,2020-03-06T00:06:36Z,193,140,3115,3233
chartjs/Chart.js,2013-03-17T23:56:36Z,2020-03-05T23:05:23Z,1509,43,4638,4997
Semantic-Org/Semantic-UI,2013-04-08T23:32:04Z,2020-03-05T16:18:22Z,346,153,5206,6077
elastic/elasticsearch,2010-02-08T13:20:56Z,2020-03-05T23:19:21Z,24000,20,20662,22891
keras-team/keras,2015-03-28T00:35:42Z,2020-03-05T22:42:42Z,2402,22,7108,9954
chrislgarry/Apollo-11,2014-04-03T15:45:02Z,2020-03-06T00:09:04Z,221,0,263,359
storybookjs/storybook,2016-03-18T04:23:44Z,2020-03-05T23:03:05Z,3955,462,4442,4945
jakubroztocil/httpie,2012-02-25T12:39:13Z,2020-03-05T22:40:04Z,112,32,455,592
typicode/json-server,2013-11-27T13:21:13Z,2020-03-05T23:46:45Z,90,7,388,839
spring-projects/spring-boot,2012-10-19T15:02:57Z,2020-03-05T23:22:01Z,41,50,15839,16266
zeit/next.js,2016-10-05T23:32:51Z,2020-03-05T23:50:56Z,3897,584,5527,5835
denoland/deno,2018-05-15T01:34:26Z,2020-03-05T23:02:58Z,2004,70,1227,1564
netdata/netdata,2013-06-17T18:39:10Z,2020-03-06T00:12:24Z,3089,28,4229,4857
rails/rails,2008-04-11T02:19:47Z,2020-03-05T23:20:58Z,16555,15,13123,13513
tonsky/FiraCode,2014-11-11T19:32:38Z,2020-03-06T00:11:39Z,81,20,605,833
h5bp/html5-boilerplate,2010-01-24T18:03:24Z,2020-03-05T21:58:16Z,318,29,1153,1155
adam-p/markdown-here,2012-05-13T03:27:22Z,2020-03-05T23:30:45Z,20,11,287,535
ElemeFE/element,2016-09-03T06:19:26Z,2020-03-05T20:31:01Z,3040,126,13323,14617
xingshaocheng/architect-awesome,2018-04-06T13:30:58Z,2020-03-05T18:36:58Z,41,0,18,62
resume/resume.github.com,2011-02-06T13:39:55Z,2020-03-05T20:09:42Z,84,0,54,83
h5bp/Front-end-Developer-Interview-Questions,2012-02-09T23:34:10Z,2020-03-05T21:34:46Z,321,0,92,97
lodash/lodash,2012-04-07T04:11:46Z,2020-03-05T23:35:01Z,563,2,3573,3609
josephmisiti/awesome-machine-learning,2014-07-15T19:11:19Z,2020-03-05T23:55:36Z,570,0,61,61
moment/moment,2011-03-01T02:46:06Z,2020-03-05T19:54:33Z,601,0,3224,3576
rust-lang/rust,2010-06-16T20:39:03Z,2020-03-06T00:06:39Z,27020,0,28025,33279
gatsbyjs/gatsby,2015-05-21T22:43:05Z,2020-03-06T00:13:39Z,10419,74,9045,9647
opencv/opencv,2012-07-19T09:40:17Z,2020-03-05T23:34:20Z,8359,42,4606,6310
bitcoin/bitcoin,2010-12-19T15:16:43Z,2020-03-05T23:45:34Z,8390,30,4494,5261
kdn251/interviews,2017-02-14T18:19:25Z,2020-03-05T21:24:43Z,42,0,15,39
ansible/ansible,2012-03-06T14:58:02Z,2020-03-06T00:02:07Z,30532,3,22073,26430
gohugoio/hugo,2013-07-04T15:26:26Z,2020-03-05T23:20:18Z,1035,116,4009,4434
ReactiveX/RxJava,2013-01-08T20:11:48Z,2020-03-05T22:37:42Z,2840,193,2873,2881
psf/requests,2011-02-13T18:38:17Z,2020-03-05T21:56:25Z,1328,0,2862,3078
awesome-selfhosted/awesome-selfhosted,2015-06-01T02:33:17Z,2020-03-05T23:32:22Z,1218,0,433,497
meteor/meteor,2012-01-19T01:58:17Z,2020-03-05T19:56:17Z,1169,0,8149,8264
antirez/redis,2009-03-21T22:32:25Z,2020-03-05T23:31:53Z,947,0,2306,4027
mtdvio/every-programmer-should-know,2017-08-24T13:18:26Z,2020-03-05T08:37:49Z,77,0,13,28
goldbergyoni/nodebestpractices,2017-09-15T08:33:19Z,2020-03-06T00:17:53Z,391,0,153,172
ionic-team/ionic,2013-08-20T23:06:02Z,2020-03-05T22:02:07Z,2219,197,16185,16992
protocolbuffers/protobuf,2014-08-26T15:52:15Z,2020-03-05T23:02:35Z,2536,45,2959,3790
nvm-sh/nvm,2010-04-15T17:47:47Z,2020-03-05T21:27:48Z,544,52,1103,1350
yangshun/tech-interview-handbook,2016-07-05T05:00:48Z,2020-03-05T23:59:24Z,104,0,0,0
jekyll/jekyll,2008-10-20T06:29:03Z,2020-03-06T00:12:32Z,2678,93,4032,4115
google/material-design-icons,2014-10-08T18:01:28Z,2020-03-05T13:00:44Z,23,14,304,855
apache/incubator-echarts,2013-04-03T03:18:59Z,2020-03-05T15:26:43Z,426,68,8888,11565
scikit-learn/scikit-learn,2010-08-17T09:43:38Z,2020-03-05T22:29:47Z,5903,17,5766,7208
ReactTraining/react-router,2014-05-16T22:22:51Z,2020-03-05T23:11:20Z,1133,146,5285,5309
kelseyhightower/nocode,2018-02-06T23:54:00Z,2020-03-05T23:34:44Z,1,1,390,3421
doocs/advanced-java,2018-10-06T11:38:30Z,2020-03-05T16:27:39Z,44,0,77,86
jgthms/bulma,2016-01-23T23:48:34Z,2020-03-06T00:03:11Z,495,10,1759,1952
thedaviddias/Front-End-Checklist,2017-10-16T10:12:36Z,2020-03-05T23:38:18Z,141,1,93,104
papers-we-love/papers-we-love,2013-12-15T14:31:41Z,2020-03-05T23:27:12Z,370,0,114,125
yarnpkg/yarn,2016-01-19T17:39:16Z,2020-03-05T19:56:27Z,1647,135,3653,5648
awesomedata/awesome-public-datasets,2014-11-20T06:20:50Z,2020-03-05T21:57:34Z,187,0,42,88
necolas/normalize.css,2011-05-04T10:20:25Z,2020-03-05T21:57:17Z,56,0,433,453
gothinkster/realworld,2016-02-26T20:49:53Z,2020-03-05T23:37:13Z,123,0,135,321
NARKOZ/hacker-scripts,2015-11-21T19:05:09Z,2020-03-05T19:47:24Z,60,0,24,54
wasabeef/awesome-android-ui,2014-12-24T01:45:03Z,2020-03-05T17:10:28Z,52,0,0,0
Dogfalo/materialize,2014-09-12T19:35:38Z,2020-03-05T20:55:57Z,449,41,4534,5095
FreeCodeCampChina/freecodecamp.cn,2016-09-30T03:13:43Z,2020-03-05T08:12:52Z,55,0,442,584
scutan90/DeepLearning-500-questions,2018-06-27T06:36:45Z,2020-03-05T18:26:50Z,288,0,74,146
pytorch/pytorch,2016-08-13T05:26:41Z,2020-03-06T00:14:06Z,3978,25,8941,12876
nwjs/nw.js,2012-01-04T06:21:10Z,2020-03-05T19:27:14Z,554,0,5851,6593
aymericdamien/TensorFlow-Examples,2015-11-11T14:21:19Z,2020-03-05T18:42:04Z,71,0,57,201
jaywcjlove/awesome-mac,2016-07-17T15:33:47Z,2020-03-05T23:16:29Z,457,0,206,253
scrapy/scrapy,2010-02-22T02:01:14Z,2020-03-06T00:19:12Z,1414,12,1694,2121
square/okhttp,2012-07-23T13:42:55Z,2020-03-05T21:34:40Z,2289,0,2827,2985
google/guava,2014-05-29T16:23:17Z,2020-03-05T19:36:28Z,177,28,2466,3087
babel/babel,2014-09-28T13:38:23Z,2020-03-06T00:04:10Z,3257,196,6314,6933
gin-gonic/gin,2014-06-16T23:57:25Z,2020-03-05T23:23:44Z,595,9,1137,1333
enaqx/awesome-react,2014-08-06T05:31:44Z,2020-03-06T00:08:52Z,688,0,59,62
Hack-with-Github/Awesome-Hacking,2016-03-30T15:47:10Z,2020-03-05T23:11:07Z,19,0,0,0
android/architecture-samples,2016-02-05T13:42:07Z,2020-03-05T21:35:26Z,171,0,269,376
impress/impress.js,2011-12-28T22:23:19Z,2020-03-05T21:08:20Z,88,13,387,434
prettier/prettier,2016-11-29T17:13:37Z,2020-03-05T23:12:25Z,3058,61,3340,3983
spring-projects/spring-framework,2010-12-08T04:04:45Z,2020-03-05T15:36:07Z,491,170,18322,19211
neovim/neovim,2014-01-31T13:39:22Z,2020-03-05T21:52:37Z,4150,20,4545,5324
nodejs/node-v0.x-archive,2009-05-27T16:29:46Z,2020-03-05T13:55:38Z,218,0,5848,6383
square/retrofit,2010-09-06T21:39:43Z,2020-03-05T20:58:51Z,688,27,2239,2328
parcel-bundler/parcel,2017-08-07T16:36:47Z,2020-03-05T21:55:04Z,1038,0,2258,2783
minimaxir/big-list-of-naughty-strings,2015-08-08T20:57:20Z,2020-03-06T00:00:04Z,84,0,27,71
x64dbg/x64dbg,2015-04-11T20:48:23Z,2020-03-05T23:09:29Z,427,2,1395,1760
serverless/serverless,2015-04-21T03:48:40Z,2020-03-05T23:01:17Z,2622,150,3481,4187
sindresorhus/awesome-nodejs,2014-07-11T13:35:34Z,2020-03-05T21:21:35Z,348,0,89,89
juliangarnier/anime,2016-03-13T21:37:45Z,2020-03-05T22:23:43Z,64,12,395,520
vsouza/awesome-ios,2014-07-10T16:03:45Z,2020-03-05T23:22:12Z,2078,0,429,429
astaxie/build-web-application-with-golang,2012-08-02T11:49:35Z,2020-03-05T22:29:56Z,727,0,168,271
grafana/grafana,2013-12-11T15:59:56Z,2020-03-05T23:28:26Z,5966,163,12716,15141
gogs/gogs,2014-02-12T01:57:08Z,2020-03-05T21:19:57Z,956,56,3821,4473
ryanmcdermott/clean-code-javascript,2016-11-25T22:25:41Z,2020-03-06T00:00:59Z,137,0,61,88
fatedier/frp,2015-12-21T15:24:59Z,2020-03-06T00:16:05Z,226,51,1275,1337
ColorlibHQ/AdminLTE,2013-12-25T02:52:40Z,2020-03-05T21:05:20Z,256,65,1993,2081
ziishaned/learn-regex,2017-07-22T12:21:03Z,2020-03-05T23:43:38Z,95,0,32,66
k88hudson/git-flight-rules,2014-07-22T20:35:09Z,2020-03-05T23:05:03Z,199,0,45,54
MaximAbramchuck/awesome-interview-questions,2015-11-28T09:48:17Z,2020-03-05T23:31:09Z,134,0,19,22
tesseract-ocr/tesseract,2014-08-12T18:04:59Z,2020-03-05T23:42:35Z,988,8,1505,1775
ripienaar/free-for-dev,2015-03-18T21:06:26Z,2020-03-06T00:14:20Z,1047,0,0,0
Alamofire/Alamofire,2014-07-31T05:56:19Z,2020-03-05T23:45:06Z,414,74,2254,2279
TryGhost/Ghost,2013-05-04T11:09:13Z,2020-03-05T22:53:47Z,4692,296,5619,5667
zeit/hyper,2016-07-01T06:01:21Z,2020-03-05T19:52:21Z,1066,64,2193,2934
AFNetworking/AFNetworking,2011-05-31T21:28:44Z,2020-03-05T15:14:22Z,670,38,2634,2999
ageitgey/face_recognition,2017-03-03T21:52:39Z,2020-03-06T00:16:04Z,75,2,488,934
prakhar1989/awesome-courses,2014-11-15T18:36:49Z,2020-03-05T23:25:11Z,181,0,32,57
shadowsocks/shadowsocks,2012-04-20T13:10:49Z,2020-03-05T20:43:21Z,70,2,0,0
bailicangdu/vue2-elm,2016-12-23T01:49:20Z,2020-03-05T23:34:13Z,19,0,424,486
home-assistant/core,2013-09-17T07:29:48Z,2020-03-05T21:34:30Z,15842,528,12179,13019
Unitech/pm2,2013-05-21T03:25:25Z,2020-03-05T23:38:41Z,487,103,3077,3873
gulpjs/gulp,2013-07-04T05:26:06Z,2020-03-06T00:05:00Z,379,22,1764,1790
git/git,2008-07-23T14:21:26Z,2020-03-05T23:53:27Z,2,0,0,0
google/material-design-lite,2015-01-14T22:01:33Z,2020-03-05T20:42:06Z,655,14,1786,2142
trimstray/the-book-of-secret-knowledge,2018-06-23T10:43:14Z,2020-03-05T19:35:47Z,86,0,32,35
apache/dubbo,2012-06-19T07:56:02Z,2020-03-05T13:50:16Z,1491,23,2792,3252
leonardomso/33-js-concepts,2018-09-04T13:27:04Z,2020-03-05T20:59:27Z,88,0,22,22
soimort/you-get,2012-08-20T15:53:36Z,2020-03-05T15:56:16Z,500,102,0,0
sveltejs/svelte,2016-11-20T18:13:05Z,2020-03-05T23:26:19Z,1609,0,2161,2563
adobe/brackets,2011-12-07T21:14:40Z,2020-03-05T21:04:53Z,4323,68,6982,9446
JetBrains/kotlin,2012-02-13T17:29:58Z,2020-03-05T22:42:12Z,1250,139,0,0
macrozheng/mall,2018-04-04T01:11:44Z,2020-03-05T23:42:22Z,0,0,227,240
blueimp/jQuery-File-Upload,2010-12-01T15:35:32Z,2020-03-05T22:09:21Z,113,0,3151,3196
syncthing/syncthing,2013-11-26T09:48:21Z,2020-03-05T23:31:35Z,1329,189,3705,3965
tuvtran/project-based-learning,2017-04-12T05:07:46Z,2020-03-05T23:48:07Z,119,0,15,26
discourse/discourse,2013-01-12T00:25:55Z,2020-03-05T23:55:40Z,7160,0,0,0
sdmg15/Best-websites-a-programmer-should-visit,2017-03-05T20:25:17Z,2020-03-05T19:41:14Z,232,0,44,44
justjavac/awesome-wechat-weapp,2016-09-22T20:04:48Z,2020-03-05T14:58:02Z,216,0,0,0
PhilJay/MPAndroidChart,2014-04-25T14:29:47Z,2020-03-05T18:27:17Z,189,44,2765,4382
facebook/jest,2013-12-10T00:18:04Z,2020-03-05T20:38:08Z,3482,87,4306,5130
karan/Projects,2013-07-04T13:37:27Z,2020-03-05T22:38:12Z,19,0,29,54
BVLC/caffe,2013-09-12T18:39:48Z,2020-03-05T17:11:31Z,1087,14,3857,4684
etcd-io/etcd,2013-07-06T21:57:21Z,2020-03-05T22:05:18Z,5754,172,4257,4761
tiimgreen/github-cheat-sheet,2014-04-12T16:38:42Z,2020-03-05T23:44:07Z,125,0,40,43
mozilla/pdf.js,2011-04-26T06:32:03Z,2020-03-06T00:15:58Z,4208,31,6025,6617
hexojs/hexo,2012-09-23T15:17:08Z,2020-03-05T20:52:34Z,546,92,3195,3393
Trinea/android-open-project,2014-01-05T15:20:15Z,2020-03-05T17:10:10Z,201,0,67,78
python/cpython,2017-02-10T19:23:51Z,2020-03-05T23:34:18Z,15113,0,0,0
XX-net/XX-Net,2015-01-15T09:35:51Z,2020-03-05T15:54:52Z,355,287,4855,12283
sahat/hackathon-starter,2013-11-13T17:24:12Z,2020-03-05T21:21:35Z,290,13,541,548
alvarotrigo/fullPage.js,2013-09-20T11:58:29Z,2020-03-05T21:37:27Z,248,66,3292,3440
prometheus/prometheus,2012-11-24T11:14:12Z,2020-03-05T23:11:28Z,2880,132,2850,3205
deepfakes/faceswap,2017-12-19T09:44:13Z,2020-03-05T22:59:11Z,295,2,561,571
immutable-js/immutable-js,2014-07-02T06:02:29Z,2020-03-05T22:02:37Z,379,57,1021,1161
slatedocs/slate,2013-09-13T22:15:24Z,2020-03-05T20:32:05Z,169,15,502,541
shadowsocks/shadowsocks-android,2012-12-16T13:40:29Z,2020-03-05T18:32:32Z,219,162,2098,2110
pixijs/pixi.js,2013-01-21T22:40:50Z,2020-03-05T22:33:50Z,1750,106,3873,3954
algorithm-visualizer/algorithm-visualizer,2016-05-15T00:27:45Z,2020-03-05T23:43:31Z,178,0,56,68
koajs/koa,2013-07-20T18:53:45Z,2020-03-05T14:01:55Z,371,0,746,787
v2ray/v2ray-core,2015-09-04T11:42:53Z,2020-03-06T00:24:10Z,159,234,1829,1991
mermaid-js/mermaid,2014-11-01T23:52:32Z,2020-03-05T22:25:17Z,323,44,803,930
foundation/foundation-sites,2011-10-13T23:05:42Z,2020-03-05T19:58:43Z,2883,69,7666,7911
bumptech/glide,2013-07-08T22:52:33Z,2020-03-05T20:56:03Z,314,35,3493,3640
godotengine/godot,2014-01-04T16:05:36Z,2020-03-05T22:14:51Z,11436,25,16214,21759
testerSunshine/12306,2017-05-17T12:23:40Z,2020-03-05T16:03:37Z,31,1,455,628
styled-components/styled-components,2016-08-16T06:41:32Z,2020-03-05T22:44:59Z,746,102,1954,2027
cdr/code-server,2019-02-27T16:50:41Z,2020-03-06T00:25:18Z,152,35,1093,1143
airbnb/lottie-android,2016-10-06T22:42:42Z,2020-03-05T15:13:05Z,363,24,1070,1097
fastlane/fastlane,2014-12-02T17:00:38Z,2020-03-05T20:50:40Z,4842,424,10131,10279
azl397985856/leetcode,2018-03-30T09:13:51Z,2020-03-05T21:06:18Z,136,17,109,137
zenorocha/clipboard.js,2015-09-18T23:04:55Z,2020-03-05T20:42:53Z,66,37,509,517
apache/incubator-superset,2015-07-21T18:55:34Z,2020-03-05T23:58:51Z,3932,11,4060,4237
Avik-Jain/100-Days-Of-ML-Code,2018-07-05T09:11:43Z,2020-03-05T17:10:20Z,6,0,0,0
exacity/deeplearningbook-chinese,2016-12-07T11:46:51Z,2020-03-05T19:12:46Z,16,7,130,174
Homebrew/legacy-homebrew,2009-05-20T19:38:37Z,2020-03-05T06:50:06Z,222,0,17038,17038
containous/traefik,2015-09-13T19:04:02Z,2020-03-05T22:12:06Z,2530,280,3010,3474
jashkenas/backbone,2010-09-30T19:41:28Z,2020-03-05T20:11:56Z,850,0,2328,2382
521xueweihan/HelloGitHub,2016-05-04T06:24:11Z,2020-03-05T23:18:01Z,12,9,1076,1086
huginn/huginn,2013-03-10T06:00:31Z,2020-03-05T21:39:10Z,860,0,1267,1615
kamranahmedse/design-patterns-for-humans,2017-02-16T21:24:39Z,2020-03-06T00:16:32Z,47,0,41,48
videojs/video.js,2010-05-14T18:45:10Z,2020-03-05T23:47:22Z,1248,206,3710,3902
junegunn/fzf,2013-10-23T16:04:23Z,2020-03-06T00:14:17Z,217,0,1341,1498
lukehoban/es6features,2014-03-03T18:29:30Z,2020-03-05T00:33:10Z,41,0,36,55
ariya/phantomjs,2010-12-27T08:18:58Z,2020-03-05T18:18:39Z,560,0,4663,4695
chinese-poetry/chinese-poetry,2016-09-02T03:32:25Z,2020-03-05T16:59:41Z,67,1,67,112
Leaflet/Leaflet,2010-09-22T16:57:44Z,2020-03-05T23:53:28Z,2046,21,3803,4209
shadowsocks/ShadowsocksX-NG,2016-06-10T11:49:00Z,2020-03-05T16:57:52Z,58,26,969,1160
joshbuchea/HEAD,2016-04-20T20:05:37Z,2020-03-05T23:52:33Z,83,0,71,82
dypsilon/frontend-dev-bookmarks,2013-06-22T13:23:55Z,2020-03-05T22:41:14Z,129,1,77,91
DefinitelyTyped/DefinitelyTyped,2012-10-05T16:39:45Z,2020-03-06T00:24:43Z,30508,1,3184,6329
photonstorm/phaser,2013-04-12T12:27:51Z,2020-03-05T22:03:37Z,1200,93,3013,3188
php/php-src,2011-06-16T01:52:25Z,2020-03-06T00:21:40Z,615,0,0,0
jondot/awesome-react-native,2015-03-26T19:58:06Z,2020-03-05T23:25:36Z,800,0,33,50
caddyserver/caddy,2015-01-13T19:45:03Z,2020-03-05T23:50:17Z,882,62,1862,1967
Blankj/AndroidUtilCode,2016-07-30T18:18:32Z,2020-03-05T16:46:49Z,64,112,973,1019
isocpp/CppCoreGuidelines,2015-08-19T20:22:52Z,2020-03-06T00:14:43Z,625,4,625,778
caolan/async,2010-06-01T21:01:30Z,2020-03-05T20:05:18Z,408,7,1041,1045
codepath/android_guides,2013-06-19T10:24:45Z,2020-03-05T13:13:10Z,8,0,211,358
certbot/certbot,2014-11-12T02:52:20Z,2020-03-05T23:09:31Z,2819,5,3751,4282
tastejs/todomvc,2011-06-03T19:56:33Z,2020-03-05T23:17:40Z,714,5,618,733
Genymobile/scrcpy,2017-11-21T18:00:27Z,2020-03-06T00:01:50Z,22,15,642,1099
tldr-pages/tldr,2013-12-08T07:34:43Z,2020-03-05T22:47:25Z,2903,0,428,497
iamkun/dayjs,2018-04-10T09:26:44Z,2020-03-05T22:47:44Z,362,72,293,351
Solido/awesome-flutter,2017-05-07T11:45:27Z,2020-03-06T00:08:38Z,303,0,0,0
bilibili/ijkplayer,2013-06-03T04:12:04Z,2020-03-05T16:18:33Z,28,0,2406,4794
open-guides/og-aws,2016-07-13T17:30:16Z,2020-03-05T12:13:40Z,467,0,79,199
nuxt/nuxt.js,2016-10-26T11:18:47Z,2020-03-05T22:02:14Z,1638,121,4682,4944
bayandin/awesome-awesomeness,2014-07-08T05:44:19Z,2020-03-05T18:46:54Z,163,0,48,54
floodsung/Deep-Learning-Papers-Reading-Roadmap,2016-10-14T11:49:48Z,2020-03-05T16:06:44Z,22,0,3,41
quilljs/quill,2012-07-30T23:23:18Z,2020-03-05T16:35:39Z,192,82,1796,2520
JuliaLang/julia,2011-04-21T07:01:50Z,2020-03-05T23:30:05Z,13965,84,14519,17348
alex/what-happens-when,2013-11-07T04:30:06Z,2020-03-05T19:19:45Z,105,0,18,100
RocketChat/Rocket.Chat,2015-05-19T07:36:09Z,2020-03-06T00:18:21Z,5150,330,8212,10235
preactjs/preact,2015-09-11T02:40:18Z,2020-03-05T21:47:31Z,798,126,1039,1129
proxyee-down-org/proxyee-down,2017-10-25T10:07:27Z,2020-03-05T23:44:12Z,16,49,0,0
ethereum/go-ethereum,2013-12-26T13:05:46Z,2020-03-05T19:06:20Z,3665,124,4430,4716
xitu/gold-miner,2015-11-04T03:29:13Z,2020-03-05T22:02:41Z,2262,0,4213,4237
apache/spark,2014-02-25T08:00:08Z,2020-03-06T00:24:02Z,3,0,0,0
kenwheeler/slick,2014-03-24T02:10:05Z,2020-03-05T18:54:49Z,235,48,2312,3283
jashkenas/underscore,2009-10-25T18:31:06Z,2020-03-05T13:43:13Z,687,0,1276,1347
binhnguyennus/awesome-scalability,2017-12-27T03:46:40Z,2020-03-05T20:46:03Z,18,0,0,0
JakeWharton/butterknife,2013-03-05T08:18:59Z,2020-03-05T14:23:55Z,339,0,1013,1105
grpc/grpc,2014-12-08T18:58:53Z,2020-03-05T23:52:32Z,11089,138,7451,8256
Kong/kong,2014-11-17T23:56:08Z,2020-03-05T23:35:58Z,1901,76,2537,2828
shengxinjing/programmer-job-blacklist,2016-06-25T06:09:10Z,2020-03-05T15:55:42Z,16,0,169,288
nestjs/nest,2017-02-04T20:12:52Z,2020-03-05T22:08:06Z,1507,49,2265,2337
zxing/zxing,2011-10-12T14:07:27Z,2020-03-05T22:16:18Z,149,26,976,984
react-boilerplate/react-boilerplate,2015-02-18T14:36:32Z,2020-03-05T22:04:12Z,711,16,1734,1757
aosabook/500lines,2013-11-04T02:02:53Z,2020-03-05T19:58:20Z,175,0,36,61
vuejs/vue-cli,2015-12-26T23:11:20Z,2020-03-05T22:42:23Z,861,119,3620,4056
nylas/nylas-mail,2014-10-16T18:29:12Z,2020-03-05T22:04:23Z,139,53,2411,3421
square/leakcanary,2015-04-29T23:54:16Z,2020-03-05T15:01:11Z,560,22,1076,1107
select2/select2,2012-03-04T18:43:12Z,2020-03-05T11:53:07Z,641,26,4360,4418
request/request,2011-01-23T01:25:14Z,2020-03-05T19:06:56Z,650,0,1972,2127
0voice/interview_internal_reference,2019-06-10T06:54:19Z,2020-03-05T23:40:10Z,32,0,17,30
Modernizr/Modernizr,2009-09-25T20:13:23Z,2020-03-05T16:20:32Z,712,14,1245,1397
johnpapa/angular-styleguide,2014-07-29T00:07:51Z,2020-03-05T21:34:26Z,331,0,361,423
fffaraz/awesome-cpp,2014-07-17T08:51:11Z,2020-03-05T23:21:51Z,383,0,144,436
Tencent/weui,2014-12-18T04:09:54Z,2020-03-05T11:29:21Z,164,18,578,597
NervJS/taro,2018-04-08T09:32:26Z,2020-03-05T23:56:03Z,620,0,3987,4692
getsentry/sentry,2010-08-30T22:06:41Z,2020-03-06T00:13:42Z,12129,53,3061,3922
vuetifyjs/vuetify,2016-09-12T00:39:35Z,2020-03-06T00:12:22Z,2095,317,6970,7901
dylanaraps/pure-bash-bible,2018-06-13T01:39:33Z,2020-03-05T21:02:30Z,26,0,22,44
ant-design/ant-design-pro,2017-08-25T10:40:44Z,2020-03-06T00:07:37Z,713,17,4903,4963
akullpp/awesome-java,2014-07-09T10:12:43Z,2020-03-05T23:23:21Z,527,0,93,95
faif/python-patterns,2012-06-06T21:02:35Z,2020-03-05T20:31:17Z,211,0,52,60
pandas-dev/pandas,2010-08-24T01:37:33Z,2020-03-05T21:54:52Z,10911,56,14050,17329
crossoverJie/JCSprout,2017-12-17T09:06:50Z,2020-03-05T16:20:52Z,69,0,57,84
houshanren/hangzhou_house_knowledge,2018-02-24T01:54:18Z,2020-03-05T13:24:39Z,4,0,0,0
madewithml/practicalAI,2018-11-05T03:44:27Z,2020-03-05T23:25:22Z,132,0,16,16
nvie/gitflow,2010-01-20T23:14:12Z,2020-03-05T20:58:18Z,36,0,114,334
google/styleguide,2015-05-20T19:18:59Z,2020-03-05T17:09:16Z,106,0,75,221
wg/wrk,2012-03-20T11:12:28Z,2020-03-06T00:12:39Z,0,0,219,304
apachecn/AiLearning,2017-02-25T08:53:02Z,2020-03-06T00:01:28Z,442,2,52,82
ZuzooVn/machine-learning-for-software-engineers,2016-10-09T21:20:25Z,2020-03-05T16:08:06Z,53,0,3,13
yangshun/front-end-interview-handbook,2018-01-13T19:40:08Z,2020-03-05T22:06:57Z,145,0,0,0
astaxie/beego,2012-02-29T02:32:08Z,2020-03-05T19:25:39Z,753,5,1902,2667
localstack/localstack,2016-10-25T23:48:03Z,2020-03-05T23:01:15Z,683,11,1100,1373
fzaninotto/Faker,2011-10-14T22:49:02Z,2020-03-06T00:21:36Z,764,11,480,534
rethinkdb/rethinkdb,2012-10-30T05:37:47Z,2020-03-05T14:31:00Z,371,68,4838,6231
standard/standard,2015-01-27T01:23:31Z,2020-03-06T00:20:09Z,282,1,957,1057
danielmiessler/SecLists,2012-02-19T01:30:18Z,2020-03-05T22:44:54Z,229,8,90,96
github/fetch,2014-10-13T00:26:19Z,2020-03-05T23:48:42Z,116,27,486,496
ziadoz/awesome-php,2013-11-26T03:14:19Z,2020-03-05T20:34:53Z,349,0,103,105
FiloSottile/mkcert,2018-06-25T05:33:03Z,2020-03-05T20:34:12Z,42,11,127,155
carbon-app/carbon,2017-06-16T02:50:28Z,2020-03-05T21:58:34Z,439,154,392,411
huggingface/transformers,2018-10-29T13:56:00Z,2020-03-06T00:13:33Z,648,23,1864,2237
angular/angular-cli,2015-06-04T19:49:37Z,2020-03-05T22:03:01Z,4061,256,10836,11443
iview/iview,2016-07-28T01:52:59Z,2020-03-05T12:40:42Z,525,85,4425,5394
nolimits4web/swiper,2012-03-14T19:11:45Z,2020-03-05T21:22:35Z,230,0,2956,3096
vuejs/vuex,2015-07-16T04:21:26Z,2020-03-05T20:35:26Z,515,32,884,972
mathiasbynens/dotfiles,2011-09-05T18:07:54Z,2020-03-05T20:51:23Z,41,0,227,350
facebookresearch/Detectron,2017-10-05T17:32:00Z,2020-03-05T15:50:31Z,0,0,595,871
symfony/symfony,2010-01-04T14:21:21Z,2020-03-05T15:37:05Z,13900,223,12939,13664
CodeHubApp/CodeHub,2013-07-23T22:19:57Z,2020-03-05T18:45:33Z,12,4,383,600
netty/netty,2010-11-09T09:22:21Z,2020-03-05T23:12:30Z,1318,0,4614,4975
pingcap/tidb,2015-09-06T04:01:52Z,2020-03-05T20:11:56Z,9903,86,2649,3917
Marak/faker.js,2010-05-15T00:53:07Z,2020-03-05T19:39:19Z,189,0,237,419
herrbischoff/awesome-macos-command-line,2015-09-22T19:37:55Z,2020-03-05T22:51:48Z,91,0,0,0
freeCodeCamp/devdocs,2013-10-24T18:16:07Z,2020-03-05T22:02:40Z,128,0,714,794
jiahaog/nativefier,2015-07-05T05:56:42Z,2020-03-06T00:02:35Z,134,30,564,733
dkhamsing/open-source-ios-apps,2015-01-26T23:32:34Z,2020-03-05T18:54:02Z,529,32,198,199
composer/composer,2011-06-08T08:53:00Z,2020-03-06T00:21:35Z,1914,68,5453,5805
IanLunn/Hover,2014-01-02T14:27:35Z,2020-03-05T19:13:53Z,22,10,79,96
SDWebImage/SDWebImage,2009-09-21T17:39:19Z,2020-03-05T20:13:56Z,694,77,1848,1864
raywenderlich/swift-algorithm-club,2016-01-26T17:56:12Z,2020-03-05T21:03:54Z,585,0,173,179
iina/iina,2016-12-19T07:18:45Z,2020-03-05T22:56:42Z,357,30,1432,2212
strapi/strapi,2015-09-30T15:34:48Z,2020-03-06T00:29:13Z,1914,125,2943,3155
danielgindi/Charts,2015-03-20T10:49:12Z,2020-03-05T23:17:24Z,363,30,3094,3567
jakevdp/PythonDataScienceHandbook,2016-08-10T14:24:36Z,2020-03-06T00:04:26Z,28,0,44,103
postcss/postcss,2013-09-24T23:06:48Z,2020-03-05T17:17:51Z,565,147,615,631
harvesthq/chosen,2011-04-18T15:07:41Z,2020-03-05T22:11:54Z,309,34,2105,2323
greenrobot/EventBus,2012-07-16T16:55:40Z,2020-03-05T16:31:59Z,29,5,424,514
gitlabhq/gitlabhq,2011-10-02T16:25:27Z,2020-03-05T21:17:08Z,2227,0,0,0
transloadit/uppy,2015-11-16T12:32:33Z,2020-03-06T00:01:36Z,971,23,950,1036
GitbookIO/gitbook,2014-03-31T03:01:56Z,2020-03-05T17:35:07Z,214,0,0,0
fxsjy/jieba,2012-09-29T07:52:01Z,2020-03-06T00:06:15Z,96,9,184,671
lib-pku/libpku,2018-11-22T13:33:06Z,2020-03-05T17:48:57Z,22,0,30,31
TheAlgorithms/Java,2016-07-16T10:21:02Z,2020-03-05T20:21:13Z,376,0,108,142
istio/istio,2016-11-18T23:57:21Z,2020-03-05T23:57:50Z,9338,116,7701,8777
Alvin9999/new-pac,2016-03-23T08:43:36Z,2020-03-05T17:49:58Z,0,0,664,815
google-research/bert,2018-10-25T22:57:34Z,2020-03-05T21:40:10Z,31,0,294,876
brillout/awesome-react-components,2016-06-24T15:19:33Z,2020-03-06T00:03:34Z,122,0,35,35
ngosang/trackerslist,2016-04-24T11:57:57Z,2020-03-05T23:47:39Z,1,0,193,198
serhii-londar/open-source-mac-os-apps,2017-11-03T02:35:33Z,2020-03-05T23:08:40Z,348,0,107,124
markedjs/marked,2011-07-24T13:15:51Z,2020-03-05T14:40:01Z,321,18,881,956
lerna/lerna,2015-12-04T09:36:55Z,2020-03-05T20:39:44Z,562,165,1377,1695
date-fns/date-fns,2014-10-06T10:24:22Z,2020-03-05T22:14:34Z,574,74,692,848
mobxjs/mobx,2015-03-14T14:31:38Z,2020-03-05T21:59:27Z,703,1,1445,1477
cheeriojs/cheerio,2011-10-09T04:23:20Z,2020-03-05T20:33:01Z,278,2,717,928
webtorrent/webtorrent,2013-10-15T08:16:40Z,2020-03-05T21:54:55Z,377,0,1153,1289
emberjs/ember.js,2011-05-25T23:39:40Z,2020-03-05T14:59:58Z,7084,301,5926,6191
skylot/jadx,2013-03-18T17:08:21Z,2020-03-05T20:40:02Z,200,13,508,633
Polymer/polymer,2012-08-23T20:56:30Z,2020-03-06T00:05:04Z,1045,113,3625,3880
sequelize/sequelize,2010-07-22T07:11:11Z,2020-03-05T18:25:56Z,2486,321,7632,8410
ReactiveX/rxjs,2015-03-15T06:17:10Z,2020-03-05T22:43:53Z,1704,0,2187,2510
balderdashy/sails,2012-03-18T19:46:15Z,2020-03-05T22:25:21Z,501,35,5762,6101
pi-hole/pi-hole,2014-06-08T15:02:55Z,2020-03-06T00:10:37Z,1023,57,1597,1704
ajaxorg/ace,2010-10-27T10:43:36Z,2020-03-05T17:52:38Z,1297,0,1798,2443
VincentGarreau/particles.js,2014-09-06T14:29:47Z,2020-03-05T22:43:06Z,21,6,69,323
hashicorp/terraform,2014-03-13T22:25:48Z,2020-03-05T22:26:35Z,7951,114,13016,14234
sentsin/layui,2015-09-22T08:12:03Z,2020-03-05T17:47:10Z,31,39,72,467
hammerjs/hammer.js,2012-03-02T12:58:28Z,2020-03-05T22:22:33Z,114,0,752,1000
geekcompany/ResumeSample,2014-09-08T08:08:13Z,2020-03-05T20:12:02Z,2,0,12,21
ityouknow/spring-boot-examples,2016-11-05T05:32:33Z,2020-03-05T16:36:32Z,4,0,74,95
naptha/tesseract.js,2015-06-24T02:49:52Z,2020-03-05T15:45:01Z,68,27,315,337
alacritty/alacritty,2016-02-18T05:02:30Z,2020-03-05T22:16:17Z,884,28,1927,2284
jaredpalmer/formik,2017-06-14T19:50:59Z,2020-03-05T21:20:39Z,572,131,1068,1510
VundleVim/Vundle.vim,2010-10-17T23:17:53Z,2020-03-05T20:29:27Z,86,0,529,678
iikira/BaiduPCS-Go,2017-11-30T05:09:26Z,2020-03-05T23:49:21Z,12,24,732,847
0xAX/linux-insides,2015-01-03T18:44:57Z,2020-03-05T09:06:27Z,486,0,119,153
amix/vimrc,2012-05-29T16:19:29Z,2020-03-05T23:28:55Z,65,0,386,398
terryum/awesome-deep-learning-papers,2016-06-03T06:48:30Z,2020-03-05T23:33:55Z,39,0,11,23
Homebrew/brew,2016-03-06T05:08:38Z,2020-03-05T18:42:43Z,3999,131,2394,2409
ycm-core/YouCompleteMe,2012-04-16T03:12:14Z,2020-03-05T18:03:41Z,617,0,2784,2807
alibaba/fastjson,2011-11-03T06:58:52Z,2020-03-05T16:25:38Z,298,72,1295,2537
StreisandEffect/streisand,2014-03-23T21:56:19Z,2020-03-05T23:33:39Z,524,0,920,1083
facebookresearch/fastText,2016-07-16T13:38:42Z,2020-03-05T20:31:19Z,7,3,558,818
tabler/tabler,2018-02-01T09:08:59Z,2020-03-05T23:25:39Z,140,5,211,270
heartcombo/devise,2009-09-16T12:15:12Z,2020-03-05T20:55:58Z,717,14,3877,3915
pure-css/pure,2013-04-22T16:16:39Z,2020-03-05T21:10:20Z,132,17,503,524
drone/drone,2014-02-07T07:54:44Z,2020-03-05T23:07:10Z,828,0,1661,1691
t4t5/sweetalert,2014-09-30T11:12:48Z,2020-03-05T05:51:21Z,82,13,535,654
minio/minio,2015-01-14T19:23:58Z,2020-03-05T23:36:15Z,4612,139,3751,3837
CamDavidsonPilon/Probabilistic-Programming-and-Bayesian-Methods-for-Hackers,2013-01-14T15:46:28Z,2020-03-05T21:56:38Z,231,0,80,202
unknwon/the-way-to-go_ZH_CN,2013-03-24T17:18:38Z,2020-03-06T00:17:47Z,520,0,0,0
rstacruz/nprogress,2013-08-20T13:58:02Z,2020-03-05T22:00:23Z,31,0,45,130
tootsuite/mastodon,2016-02-22T15:01:25Z,2020-03-06T00:29:43Z,6756,138,3825,5313
facebook/flow,2014-10-28T17:17:45Z,2020-03-05T23:00:04Z,158,168,3849,6250
alibaba/p3c,2017-06-23T06:15:51Z,2020-03-05T18:56:46Z,53,0,508,556
realpython/python-guide,2011-03-15T03:24:20Z,2020-03-05T23:30:53Z,649,0,151,245
laravel/framework,2013-01-10T21:27:28Z,2020-03-06T00:21:38Z,9299,188,13204,13278
tailwindcss/tailwindcss,2017-10-06T14:59:14Z,2020-03-06T00:22:24Z,555,62,620,679
alibaba/druid,2011-11-03T05:12:51Z,2020-03-05T17:15:25Z,864,33,1046,2689
cmderdev/cmder,2013-07-09T07:44:22Z,2020-03-05T23:44:34Z,296,25,1809,1824
fouber/blog,2014-04-25T09:44:42Z,2020-03-05T13:34:41Z,1,0,28,39
Automattic/mongoose,2010-04-06T21:39:05Z,2020-03-05T21:41:21Z,1038,5,6871,7154
elsewhencode/project-guidelines,2017-06-30T10:17:55Z,2020-03-05T16:02:23Z,100,0,24,36
kelseyhightower/kubernetes-the-hard-way,2016-07-07T14:15:27Z,2020-03-05T21:03:45Z,67,0,265,288
remy/nodemon,2010-10-03T12:50:52Z,2020-03-05T22:56:19Z,257,68,1256,1265
FezVrasta/bootstrap-material-design,2014-08-18T11:54:00Z,2020-03-05T10:36:33Z,192,27,1027,1079
google/leveldb,2014-08-27T21:17:52Z,2020-03-06T00:33:27Z,27,20,462,562
SheetJS/sheetjs,2012-12-03T19:25:52Z,2020-03-05T14:40:12Z,48,0,1236,1555
scwang90/SmartRefreshLayout,2017-06-02T09:52:50Z,2020-03-05T21:22:34Z,6,7,1009,1092
airbnb/lottie-web,2015-02-20T21:02:59Z,2020-03-05T23:40:38Z,71,0,1439,1918
redux-saga/redux-saga,2015-11-29T16:58:12Z,2020-03-05T20:07:04Z,614,50,1151,1294
kriasoft/react-starter-kit,2014-04-16T13:08:18Z,2020-03-05T13:13:31Z,468,5,706,1141
littlecodersh/ItChat,2016-01-19T07:49:48Z,2020-03-05T19:14:07Z,29,13,587,797
alibaba/flutter-go,2019-01-08T09:03:40Z,2020-03-05T15:36:48Z,158,4,172,295
akveo/ngx-admin,2016-05-25T10:09:03Z,2020-03-05T22:16:13Z,255,14,1242,1500
ryanoasis/nerd-fonts,2014-12-05T04:31:17Z,2020-03-05T22:59:52Z,103,20,209,324
openai/gym,2016-04-27T14:59:16Z,2020-03-05T22:56:43Z,485,5,986,1061
facebookarchive/pop,2014-03-30T22:29:12Z,2020-03-05T02:46:44Z,100,3,211,256
Tencent/wepy,2016-11-14T08:06:56Z,2020-03-05T14:34:27Z,387,0,1687,1988
NationalSecurityAgency/ghidra,2019-03-01T03:27:48Z,2020-03-06T00:03:46Z,129,0,773,1293
eugenp/tutorials,2013-04-29T18:26:36Z,2020-03-05T23:12:46Z,6001,0,343,352
rapid7/metasploit-framework,2011-08-30T06:13:20Z,2020-03-05T22:40:52Z,7603,0,2988,3627
niklasvh/html2canvas,2011-07-16T01:05:58Z,2020-03-05T23:47:03Z,103,26,1301,1834
ReactiveCocoa/ReactiveCocoa,2012-03-02T22:11:24Z,2020-03-05T13:55:40Z,1335,76,1945,1989
pypa/pipenv,2017-01-20T00:44:02Z,2020-03-05T20:37:02Z,910,6,2585,2949
Reactive-Extensions/RxJS,2012-01-07T00:31:41Z,2020-03-05T13:47:39Z,520,34,643,874
sorrycc/awesome-javascript,2014-07-01T15:59:02Z,2020-03-05T23:31:51Z,272,0,53,70
dimsemenov/PhotoSwipe,2011-04-07T05:46:29Z,2020-03-05T20:48:46Z,49,11,1013,1504
mbeaudru/modern-js-cheatsheet,2017-09-18T14:56:00Z,2020-03-05T17:59:01Z,79,0,36,42
ctripcorp/apollo,2016-03-04T10:24:23Z,2020-03-05T14:03:47Z,869,22,1765,1900
codemirror/CodeMirror,2011-01-14T13:44:03Z,2020-03-05T17:35:12Z,355,127,3269,3597
ggreer/the_silver_searcher,2011-11-19T19:50:47Z,2020-03-06T00:26:06Z,382,0,382,726
railsware/upterm,2015-03-22T07:00:24Z,2020-03-05T16:40:51Z,293,187,534,753
metabase/metabase,2015-02-02T19:25:47Z,2020-03-06T00:13:50Z,4479,106,4781,6834
bevacqua/dragula,2015-04-13T21:35:38Z,2020-03-05T18:25:03Z,57,0,288,466
gorhill/uBlock,2015-04-01T17:51:11Z,2020-03-06T00:36:44Z,121,155,3375,3449
google/iosched,2014-04-01T22:40:40Z,2020-03-05T14:48:44Z,53,2,170,199
alibaba/arthas,2018-08-29T17:15:57Z,2020-03-05T17:43:25Z,153,11,684,787
kahun/awesome-sysadmin,2014-02-09T22:39:20Z,2020-03-05T23:32:09Z,183,0,20,92
syl20bnr/spacemacs,2012-12-17T21:34:03Z,2020-03-05T22:54:36Z,542,158,4910,7210
hashicorp/vagrant,2010-01-21T08:34:27Z,2020-03-05T18:20:06Z,2129,0,7824,8298
microsoft/calculator,2019-01-28T17:55:49Z,2020-03-05T19:36:32Z,416,0,336,503
SortableJS/Sortable,2013-12-19T10:10:13Z,2020-03-05T18:25:05Z,212,21,1136,1342
Meituan-Dianping/mpvue,2018-03-07T03:09:25Z,2020-03-05T15:34:27Z,64,19,1247,1642
angular/components,2016-01-04T18:50:02Z,2020-03-05T22:50:08Z,6697,129,8530,10574
satwikkansal/wtfpython,2017-08-28T20:22:19Z,2020-03-05T22:00:28Z,67,2,80,98
vim/vim,2015-08-18T21:03:56Z,2020-03-05T23:54:00Z,3,0,2595,3469
JedWatson/react-select,2014-08-26T04:27:45Z,2020-03-05T23:03:11Z,798,11,1324,2605
CymChad/BaseRecyclerViewAdapterHelper,2016-04-10T07:40:11Z,2020-03-05T14:05:15Z,190,188,2735,2809
SwiftyJSON/SwiftyJSON,2014-06-18T14:41:15Z,2020-03-05T16:38:35Z,212,21,557,638
LisaDziuba/Awesome-Design-Tools,2019-02-12T13:55:30Z,2020-03-05T21:48:08Z,256,0,21,22
ovity/octotree,2014-05-09T18:15:20Z,2020-03-05T13:47:40Z,223,0,497,541
donnemartin/interactive-coding-challenges,2015-04-28T21:36:39Z,2020-03-06T00:17:01Z,161,0,29,52
ocornut/imgui,2014-07-21T14:29:47Z,2020-03-06T00:30:26Z,235,64,2028,2416
SwiftGGTeam/the-swift-programming-language-in-chinese,2014-06-03T04:44:09Z,2020-03-05T10:47:05Z,630,1,317,319
sindresorhus/awesome-electron,2015-04-23T11:48:53Z,2020-03-05T15:39:21Z,229,0,35,44
GoogleChrome/lighthouse,2016-03-08T01:03:11Z,2020-03-05T20:18:05Z,2941,53,6224,6599
Netflix/Hystrix,2012-11-19T20:14:46Z,2020-03-05T15:42:21Z,672,79,671,993
byoungd/English-level-up-tips-for-Chinese,2017-05-30T07:18:52Z,2020-03-05T16:38:51Z,19,0,42,52
wagoodman/dive,2018-05-13T15:44:01Z,2020-03-06T00:14:03Z,100,23,130,175
github/hub,2009-12-05T22:15:25Z,2020-03-05T22:29:52Z,380,60,1475,1659
microsoft/monaco-editor,2016-06-07T16:56:31Z,2020-03-06T00:33:34Z,76,0,1393,1689
BradLarson/GPUImage,2012-02-13T15:20:02Z,2020-03-05T10:36:36Z,241,3,1296,2197
airbnb/lottie-ios,2016-10-06T22:38:38Z,2020-03-05T16:00:32Z,290,38,667,775
rclone/rclone,2014-03-16T16:19:57Z,2020-03-06T00:00:46Z,613,64,2447,3097
mochajs/mocha,2011-03-07T18:44:25Z,2020-03-05T23:35:24Z,919,45,2214,2469
pugjs/pug,2010-06-23T01:05:42Z,2020-03-05T23:17:46Z,473,4,2195,2401
tipsy/profile-summary-for-github,2017-12-10T13:29:15Z,2020-03-05T13:42:13Z,20,0,54,65
reduxjs/react-redux,2015-07-11T17:32:01Z,2020-03-06T00:24:44Z,329,90,994,1014
petkaantonov/bluebird,2013-09-07T19:39:57Z,2020-03-05T15:40:56Z,284,123,1057,1112
usablica/intro.js,2013-03-10T15:12:45Z,2020-03-05T17:38:57Z,139,18,369,578
markerikson/react-redux-links,2016-01-22T02:10:28Z,2020-03-05T22:01:21Z,58,0,21,32
ageron/handson-ml,2016-02-16T19:48:39Z,2020-03-05T15:11:00Z,46,0,383,471
nefe/You-Dont-Need-jQuery,2015-11-21T16:02:26Z,2020-03-05T22:13:37Z,158,1,57,62
koalaman/shellcheck,2012-11-17T03:15:11Z,2020-03-05T21:58:34Z,188,1,1093,1610
guzzle/guzzle,2011-02-28T02:44:05Z,2020-03-05T17:38:43Z,706,32,1345,1559
docker/compose,2013-12-09T11:40:58Z,2020-03-05T21:59:26Z,1812,122,4485,4755
FallibleInc/security-guide-for-developers,2016-06-08T15:56:25Z,2020-03-05T16:09:26Z,26,0,4,11
tornadoweb/tornado,2009-09-09T04:55:16Z,2020-03-05T23:19:46Z,733,0,1370,1535
aria2/aria2,2010-11-27T09:41:48Z,2020-03-06T00:09:02Z,193,22,636,1302
ReactiveX/RxAndroid,2014-08-19T03:46:38Z,2020-03-05T13:33:27Z,164,18,331,331
julycoding/The-Art-Of-Programming-By-July,2013-12-14T10:00:06Z,2020-03-05T16:11:28Z,254,0,82,127
dokku/dokku,2013-06-08T10:26:57Z,2020-03-05T16:08:57Z,1665,156,1937,1968
ColorlibHQ/gentelella,2015-05-15T06:57:27Z,2020-03-05T21:23:01Z,158,7,604,610
alebcay/awesome-shell,2014-07-07T01:57:42Z,2020-03-05T23:30:38Z,274,0,16,35
cypress-io/cypress,2015-03-04T00:46:28Z,2020-03-06T00:29:04Z,1285,199,3766,4908
matteocrippa/awesome-swift,2014-07-10T14:04:09Z,2020-03-05T23:21:22Z,1241,0,110,110
go-gitea/gitea,2016-11-01T02:13:26Z,2020-03-05T23:30:18Z,4789,82,3793,5003
emscripten-core/emscripten,2011-02-12T05:23:30Z,2020-03-05T23:29:05Z,4400,0,4474,5094
dcloudio/uni-app,2018-07-12T08:52:39Z,2020-03-05T22:10:01Z,86,0,934,1265
futurice/android-best-practices,2014-07-29T09:09:44Z,2020-03-05T08:58:24Z,80,0,61,83
SamyPesse/How-to-Make-a-Computer-Operating-System,2013-11-29T17:36:32Z,2020-03-04T22:01:12Z,42,1,24,62
agalwood/Motrix,2018-12-18T11:45:05Z,2020-03-05T18:06:50Z,68,6,277,480
MrRio/jsPDF,2009-12-06T14:56:32Z,2020-03-05T22:24:14Z,568,23,1470,1649
hashicorp/consul,2013-11-04T22:15:27Z,2020-03-05T23:20:23Z,3177,0,3063,3603
formulahendry/955.WLB,2019-03-27T23:53:37Z,2020-03-06T00:05:36Z,15,0,59,180
google/web-starter-kit,2014-04-07T08:45:18Z,2020-03-05T18:50:30Z,234,14,533,580
paularmstrong/normalizr,2014-08-20T08:41:38Z,2020-03-05T23:24:48Z,89,24,261,275
BurntSushi/ripgrep,2016-03-11T02:02:33Z,2020-03-05T21:16:12Z,360,61,963,1020
powerline/fonts,2012-12-19T13:31:50Z,2020-03-05T18:10:45Z,72,1,80,218
enzymejs/enzyme,2015-11-10T21:45:38Z,2020-03-05T12:15:28Z,618,0,1394,1589
dmlc/xgboost,2014-02-06T17:28:03Z,2020-03-05T21:42:15Z,1717,19,3089,3278
FFmpeg/FFmpeg,2011-04-14T14:12:38Z,2020-03-06T00:15:22Z,15,11,0,0
jlmakes/scrollreveal,2014-01-16T17:37:20Z,2020-03-05T21:04:05Z,31,0,439,446
domnikl/DesignPatternsPHP,2011-08-22T05:24:31Z,2020-03-05T14:33:36Z,219,0,86,89
pyenv/pyenv,2012-08-31T06:57:52Z,2020-03-05T21:34:24Z,383,24,880,1051
atlassian/react-beautiful-dnd,2017-08-09T03:37:15Z,2020-03-05T20:58:21Z,463,66,833,983
apache/incubator-mxnet,2015-04-30T16:21:15Z,2020-03-06T00:24:10Z,7110,20,7092,8669
influxdata/influxdb,2013-09-26T14:31:10Z,2020-03-05T23:23:10Z,6476,29,8847,9444
Prinzhorn/skrollr,2012-03-18T15:41:35Z,2020-03-05T21:04:47Z,35,0,533,776
ramda/ramda,2013-06-21T20:32:35Z,2020-03-06T00:24:48Z,1165,23,1242,1419
bvaughn/react-virtualized,2015-11-03T00:48:07Z,2020-03-05T23:20:38Z,430,0,679,934
jobbole/awesome-python-cn,2015-11-03T09:50:50Z,2020-03-05T19:32:18Z,43,0,9,10
chubin/cheat.sh,2017-05-07T21:40:56Z,2020-03-05T21:50:59Z,58,0,50,108
jgm/pandoc,2010-03-20T20:34:23Z,2020-03-05T22:07:16Z,954,78,4331,4858
NativeScript/NativeScript,2015-03-01T09:47:08Z,2020-03-05T19:06:26Z,2474,48,4909,5524
verekia/js-stack-from-scratch,2016-10-02T13:31:23Z,2020-03-05T23:15:06Z,55,1,118,155
hankcs/HanLP,2014-10-09T06:36:16Z,2020-03-05T19:14:05Z,59,49,1327,1333
vapor/vapor,2016-01-18T22:37:52Z,2020-03-05T21:50:53Z,816,278,1105,1187
inconshreveable/ngrok,2013-03-20T09:37:43Z,2020-03-05T19:01:27Z,34,0,368,572
segmentio/nightmare,2014-04-05T22:19:51Z,2020-03-05T06:31:36Z,251,1,1055,1203
sharkdp/bat,2018-04-21T10:52:23Z,2020-03-06T00:41:40Z,324,19,452,485
postcss/autoprefixer,2013-03-14T05:04:51Z,2020-03-05T13:47:49Z,232,146,983,1001
react-native-elements/react-native-elements,2016-09-08T14:21:41Z,2020-03-05T22:20:23Z,643,52,1283,1383
doczjs/docz,2018-03-17T04:24:10Z,2020-03-05T20:14:20Z,333,124,916,988
donnemartin/data-science-ipython-notebooks,2015-01-23T19:38:29Z,2020-03-05T18:45:57Z,31,0,18,25
mitmproxy/mitmproxy,2010-02-16T04:10:13Z,2020-03-05T21:20:31Z,1408,31,1870,2106
HeroTransitions/Hero,2016-11-24T18:49:37Z,2020-03-05T17:15:28Z,88,35,370,536
ReactiveX/RxSwift,2015-04-07T21:25:17Z,2020-03-05T23:58:34Z,663,63,1006,1028
googlehosts/hosts,2017-08-05T16:10:32Z,2020-03-06T00:23:46Z,50,0,325,368
bcit-ci/CodeIgniter,2011-08-19T13:34:00Z,2020-03-05T16:28:16Z,1265,0,3038,3089
chenglou/react-motion,2015-06-11T07:38:23Z,2020-03-05T18:35:23Z,144,4,241,386
ftlabs/fastclick,2012-02-13T08:38:00Z,2020-03-04T10:59:22Z,67,3,178,388
typicode/husky,2014-06-23T12:14:21Z,2020-03-05T21:50:32Z,128,31,354,468
PowerShell/PowerShell,2016-01-13T23:41:35Z,2020-03-06T00:35:09Z,4009,67,4756,7061
junegunn/vim-plug,2013-09-10T14:58:51Z,2020-03-06T00:31:13Z,137,4,688,727
dotnet/corefx,2014-11-06T23:42:48Z,2020-03-05T11:33:55Z,21635,87,0,0
wsargent/docker-cheat-sheet,2014-08-05T20:04:20Z,2020-03-05T19:26:34Z,123,0,20,24
cockroachdb/cockroach,2014-02-06T00:18:47Z,2020-03-06T00:14:11Z,20670,17,20039,23057
typeorm/typeorm,2016-02-29T07:41:14Z,2020-03-05T22:17:36Z,890,0,2957,4383
ruanyf/es6tutorial,2014-04-20T13:06:28Z,2020-03-05T23:20:30Z,318,0,455,455
mattermost/mattermost-server,2015-06-15T06:50:02Z,2020-03-05T22:02:20Z,8346,186,4130,4469
SnapKit/Masonry,2013-07-22T01:15:48Z,2020-03-05T20:04:44Z,75,1,327,435
avajs/ava,2014-11-18T17:20:26Z,2020-03-05T14:38:13Z,794,65,1162,1315
rollup/rollup,2015-05-14T22:26:28Z,2020-03-05T21:47:05Z,1024,129,1997,2171
kataras/iris,2016-01-30T04:36:48Z,2020-03-06T00:41:42Z,146,26,497,506
kubernetes/minikube,2016-04-15T22:38:35Z,2020-03-06T00:18:27Z,2743,79,3301,3703
nlohmann/json,2013-07-04T08:47:49Z,2020-03-05T17:37:43Z,288,31,1489,1523
react-navigation/react-navigation,2017-01-26T19:51:40Z,2020-03-05T23:10:19Z,756,166,6215,6448
Popmotion/popmotion,2014-08-17T16:23:07Z,2020-03-05T06:00:07Z,288,0,532,538
alibaba/weex,2016-03-11T10:18:11Z,2020-03-05T06:27:16Z,1083,6,1310,1845
mongodb/mongo,2009-01-15T16:15:18Z,2020-03-05T23:41:13Z,114,0,0,0
nagadomi/waifu2x,2015-05-17T07:29:15Z,2020-03-05T14:31:06Z,61,3,156,256
facebook/draft-js,2016-02-19T20:18:26Z,2020-03-06T00:36:54Z,212,23,877,1460
feathericons/feather,2014-05-28T19:49:55Z,2020-03-05T20:00:01Z,87,48,186,443
MostlyAdequate/mostly-adequate-guide,2015-05-06T01:44:15Z,2020-03-05T23:43:31Z,259,0,181,218
Advanced-Frontend/Daily-Interview-Question,2019-01-19T10:49:00Z,2020-03-06T00:00:24Z,14,0,167,323
fighting41love/funNLP,2018-08-21T11:20:39Z,2020-03-05T23:27:56Z,9,0,19,19
xi-editor/xi-editor,2016-04-26T23:03:23Z,2020-03-05T22:03:01Z,622,0,374,502
google/gson,2015-03-19T18:21:20Z,2020-03-05T14:55:47Z,201,0,842,1243
trailofbits/algo,2016-05-15T03:42:48Z,2020-03-05T23:22:46Z,420,2,1158,1225
ipfs/ipfs,2014-02-11T07:28:24Z,2020-03-05T20:35:46Z,111,0,189,222
jinzhu/gorm,2013-10-25T08:31:38Z,2020-03-06T00:06:40Z,333,10,1753,2329
jcjohnson/neural-style,2015-09-01T04:55:14Z,2020-03-05T22:14:55Z,16,0,141,433
square/picasso,2013-05-14T15:07:47Z,2020-03-05T17:57:46Z,469,6,1315,1493
afollestad/material-dialogs,2014-11-03T03:21:42Z,2020-03-05T21:37:02Z,175,92,1129,1154
dhg/Skeleton,2011-04-30T20:04:24Z,2020-03-06T00:41:59Z,25,6,122,193
3b1b/manim,2015-03-22T18:50:58Z,2020-03-06T00:06:05Z,332,0,321,477
fastai/fastai,2017-09-09T17:43:36Z,2020-03-05T22:00:31Z,1158,0,999,999
cfenollosa/os-tutorial,2014-09-29T08:39:34Z,2020-03-05T19:23:17Z,11,0,47,71
veggiemonk/awesome-docker,2014-09-21T17:01:48Z,2020-03-05T23:25:06Z,658,1,94,94
tj/commander.js,2011-08-14T21:33:58Z,2020-03-05T20:18:18Z,354,42,599,634
nsqio/nsq,2012-05-12T14:37:08Z,2020-03-05T16:00:33Z,605,29,466,511
liyasthomas/postwoman,2019-08-21T13:15:24Z,2020-03-06T00:40:59Z,348,5,214,228
jorgebucaran/hyperapp,2017-01-20T05:20:21Z,2020-03-05T16:06:09Z,231,26,497,506
abhat222/Data-Science--Cheat-Sheet,2019-03-13T09:59:33Z,2020-03-06T00:42:02Z,12,0,6,14
bilibili/flv.js,2016-05-12T08:34:31Z,2020-03-05T16:39:33Z,16,12,252,497
parse-community/parse-server,2016-01-28T18:29:14Z,2020-03-06T00:39:48Z,2262,75,3483,3559
ruanyf/jstraining,2016-10-27T12:00:26Z,2020-03-05T15:10:14Z,17,0,41,41
npm/npm,2009-09-29T17:21:24Z,2020-03-05T16:43:20Z,439,261,16505,18672
react-bootstrap/react-bootstrap,2013-12-27T19:06:07Z,2020-03-05T22:31:11Z,1954,3,2473,2586
